2025-12-11T18:18:06.759546Z,P1_iphone_t2,r_09ec4a08,T0_list,success,,15,200,off
2025-12-11T18:18:35.499946Z,P1_iphone_t2,r_3cf5c77a,T0_list,success,,15,200,off
2025-12-11T18:21:21.372425Z,P1_iphone_t2,r_587d0708,T0_list,success,,13,200,off
2025-12-11T18:21:45.837580Z,P1_iphone_t2,r_5e9e5b72,T0_list,success,,11,200,off
2025-12-11T18:22:09.883378Z,P1_iphone_t2,r_ccb9db2a,T3_add,success,,12,200,on
2025-12-11T18:26:44.593412Z,P1_iphone_t2,r_589e06c3,T1_filter,success,,12,200,on
2025-12-11T18:26:45.936356Z,P1_iphone_t2,r_a593dd3f,T1_filter,success,,7,200,on
2025-12-11T18:28:12.383962Z,P1_iphone_t2,r_edc21a0b,T1_filter,success,,8,200,on
2025-12-11T18:28:37.647334Z,P1_iphone_t2,r_8757ef98,T2_edit,success,,7,200,on
2025-12-11T18:29:29.285247Z,P1_iphone_t2,r_2db1113d,T3_add,success,,11,200,on
